[{
  "day": "Ms.Robina",
  "time": "Tuesday, 10.00 - 10:30am"
}, {
  "day": "Ms.Robina",
  "time": "Tuesday, 2.45 - 3:00pm"
}, {
  "day": "Ms.Robina",
  "time": "Thursday, 12.00 - 12:20pm"
}, {
  "day": "Ms.Robina",
  "time": "Tuesday, 12.25 - 12:45pm"
}, {
  "day": "Ms.Robina",
  "time": "Friday, 1.00 - 1:30pm"
}, {
  "day": "Ms.Robina",
  "time": "Friday, 1.45 - 2:00pm"
}, {
  "day": "Ms.Robina",
  "time": "Tuesday, 2.45 - 3:00pm"
}, {
  "day": "Ms.Siti Hawa",
  "time": "Monday, 1.00 - 1:30pm"
}, {
  "day": "Ms.Siti Hawa",
  "time": "Monday, 1.45 - 2:00pm"
}, {
  "day": "Ms.Siti Hawa",
  "time": "Wednesday, 2.00 - 2:30pm"
}, {
  "day": "Ms.Siti Hawa",
  "time": "Thursday, 3.15 - 3:45pm"
}, {
  "day": "18/11/2016",
  "time": "11:25"
}, {
  "day": "18/11/2016",
  "time": "12:30"
}, {
  "day": "21/11/2016",
  "time": "16:10"
}, {
  "day": "21/11/2016",
  "time": "17:25"
}]